{"schemaVersion":"1.0","appDefinitionTemplate":{"id":"/providers/Microsoft.PowerApps/apps/","type":"Microsoft.PowerApps/apps","tags":{"primaryDeviceWidth":"1366","primaryDeviceHeight":"768","supportsPortrait":"true","supportsLandscape":"true","primaryFormFactor":"Tablet","showStatusBar":"false","publisherVersion":"3.25013.14","minimumRequiredApiVersion":"2.2.0","hasComponent":"false","hasUnlockedComponent":"false","isUnifiedRootApp":"false","sienaVersion":"20250205T152520Z-3.25013.14.0"},"properties":{"appVersion":"2025-02-05T15:25:20Z","lifeCycleId":"Published","createdByClientVersion":{"major":3,"minor":25013,"build":14,"revision":0,"majorRevision":0,"minorRevision":0},"minClientVersion":{"major":3,"minor":25013,"build":14,"revision":0,"majorRevision":0,"minorRevision":0},"backgroundColor":"rgba(54, 176, 75, 1)","backgroundImageUri":"/17502696612640341717/N07efd788-513a-4ba8-bb20-7df2289b237d-logoSmallFile","displayName":"JoinerEnrolmentApp","description":"","aiGeneratedDescription":"Facilitate seamless onboarding with the JoinerEnrolmentApp. This app enables efficient management of new joiner information, including full name, email, phone number, department, start date, and status. It supports searching, editing, and deleting records, ensuring a streamlined and organized enrolment process.","commitMessage":"","appUris":{"documentUri":{"value":"/17502696612640341717/N938da2b8-fd03-460f-a57a-5c667f4679ce-document.msapp"},"imageUris":[],"additionalUris":[{"isSolutionAware":false,"value":"/17502696612640341717/N23426693-ef8d-4609-adc1-b4e3104592e7-identity.json"}]},"createdTime":"0001-01-01T00:00:00Z","lastModifiedTime":"0001-01-01T00:00:00Z","sharedGroupsCount":0,"sharedUsersCount":0,"connectionReferences":{},"databaseReferences":{"default.cds":{"databaseDetails":{"referenceType":"Environmental","environmentName":"default.cds","overrideValues":{"status":"NotSpecified","environmentVariableName":""}},"dataSources":{"NewJoinerses":{"entitySetName":"cr011_newjoinerses","logicalName":"cr011_newjoiners","isHidden":false}},"actions":["providers/PowerPlatform.Governance/Operations/Read","providers/PowerPlatform.Governance/Operations/Write","providers/PowerPlatform.Governance/Operations/Delete"]}},"almMode":"Solution","performanceOptimizationEnabled":false,"canConsumeAppPass":false,"enableModernRuntimeMode":false,"executionRestrictions":{"isTeamsOnly":false,"dataLossPreventionEvaluationResult":{"status":"Compliant","lastEvaluationDate":"2025-02-05T12:05:15.5245878Z","violations":[],"violationsByPolicy":[],"violationErrorMessage":"The app uses the following connectors: shared_commondataservice."}}},"isAppComponentLibrary":false,"appType":"ClassicCanvasApp","appComponents":[]}}